Hotel ID,Check-in,Check-out
92258,2024-04-13,2024-04-14 00:00:00
19569,2024-12-27,2024-12-28 00:00:00
52672,2024-06-07,2024-06-08 00:00:00
51702,2024-03-10,2024-03-11 00:00:00
53665,2024-03-04,2024-03-05 00:00:00
40776,2024-02-01,2024-02-02 00:00:00
51993,2024-11-13,2024-11-14 00:00:00
67579,2024-02-10,2024-02-11 00:00:00
9958,2024-03-02,2024-03-03 00:00:00
7818,2024-08-15,2024-08-16 00:00:00
92711,2024-09-23,2024-09-24 00:00:00
92663,2024-08-21,2024-08-22 00:00:00
87730,2024-02-16,2024-02-17 00:00:00
85810,2024-11-08,2024-11-09 00:00:00
80144,2024-03-20,2024-03-21 00:00:00
74316,2024-12-25,2024-12-26 00:00:00
96674,2024-06-04,2024-06-05 00:00:00
25999,2024-06-07,2024-06-08 00:00:00
76850,2024-07-06,2024-07-07 00:00:00
74335,2024-09-24,2024-09-25 00:00:00
52643,2024-04-02,2024-04-03 00:00:00
31005,2024-06-20,2024-06-21 00:00:00
40786,2024-10-29,2024-10-30 00:00:00
84262,2024-08-01,2024-08-02 00:00:00
61160,2024-06-26,2024-06-27 00:00:00
